kee,0
klopstock,0
klopstpock,0
knee,0
knlox,0
knoax,0
knott,0
knowles,0
knowlles,0
knowlton,0
knox,0
knupson,0
koch,0
kocn,0
kokoszka,0
kokoszlka,0
kolbe,0
koloskly,0
kolosky,0
kononen,0
kontio,0
kontlio,0
kopper,0
korkunis,0
korpi,0
korppi,0
koser,0
koski,0
koskih,0
koskip,0
kouza,0
kouzaa,0
koy,0
kren,0
krol,0
krook,0
kropp,0
krpen,0
kuntz,0
kurowski,0
kurthz,0
kurtis,0
kurtz,0
kus,0
kyte,0
law,0
lea,0
lee,0
llong,0
llord,0
lloyd,0
loaw,0
loli,0
lolrd,0
lonag,0
long,0
longa,0
longl,0
longo,0
longp,0
lonhg,0
lonj,0
lonpg,0
lonpga,0
loomis,0
loorom,0
lorad,0
lord,0
lorda,0
lordh,0
lordp,0
lorhd,0
lorpd,0
loukes,0
loven,0
lover,0
low,0
lowa,0
lowd,0
lowe,0
lower,0
lowes,0
lowfr,0
lowhe,0
lowld,0
lowney,0
lowrey,0
lpowd,0
luce,0
luck,0
lugg,0
lulgg,0
lull,0
lulll,0
lulo,0
luman,0
lumlet,0
lumley,0
lunat,0
lund,0
lunda,0
lunt,0
luoma,0
lupll,0
lurie,0
lurvey,0
lusby,0
lusona,0
luti,0
lutz,0
lutzh,0
lyman,0
lympan,0
lyncb,0
lynch,0
lynde,0
lynlch,0
lynlde,0
lynn,0
lynna,0
lyoan,0
lyon,0
lyons,0
lyonsa,0
may,0
mee,0
mei,0
molloy,0
molsley,0
monroe,0
monson,0
monspon,0
monthy,0
monty,0
montya,0
moody,0
mooldy,0
mooney,0
moorae,0
moord,0
moore,0
moorea,0
moorhe,0
moorle,0
moorpe,0
moprin,0
moquin,0
moran,0
morel,0
moreo,0
morey,0
morim,0
morin,0
morlin,0
mormn,0
moron,0
morphy,0
morpphy,0
morris,0
morrkll,0
morropw,0
morrow,0
morrpis,0
morsae,0
morse,0
morsea,0
morsel,0
morsep,0
morshe,0
morsle,0
morspe,0
morton,0
mortpon,0
moses,0
mosley,0
moslley,0
moslpey,0
mosman,0
moul,0
moullton,0
moulpton,0
moultoan,0
moultoln,0
moulton,0
moultonh,0
moultopn,0
moulyon,0
moupl,0
mowel,0
mufo,0
muir,0
mullen,0
muller,0
mullin,0
mulplin,0
mulroney,0
mulronpey,0
mundy,0
munroe,0
munsey,0
munson,0
munwon,0
muprphy,0
murae,0
murby,0
mure,0
murley,0
murlray,0
muro,0
murphy,0
murplhy,0
murpphy,0
murpyy,0
murray,0
muskpat,0
musser,0
musso,0
muzzey,0
muzzpey,0
noel,0
noket,0
nolan,0
nolet,0
nolin,0
nolpan,0
nooet,0
noon,0
noonae,0
noonan,0
noone,0
noplan,0
nopth,0
nork,0
norkp,0
norman,0
norris,0
nortah,0
north,0
norton,0
norwood,0
noues,0
nourie,0
nourse,0
noury,0
novak,0
nowak,0
nowe,0
noyes,0
nudd,0
nutae,0
nutd,0
nute,0
nutter,0
nye,0
nylen,0
oja,0
olkonen,0
olkonpen,0
olsen,0
olson,0
olsqn,0
olsson,0
opie,0
orourke,0
orsho,0
orso,0
oslund,0
osmdr,0
osmer,0
osmond,0
otht,0
otis,0
ott,0
oulton,0
oultona,0
owen,0
owpen,0
oxman,0
oyston,0
ozog,0
pay,0
pllume,0
plouff,0
plouprde,0
plourde,0
plourlde,0
plsnt,0
pluff,0
plulff,0
plulmmer,0
plume,0
plumer,0
plummer,0
plummjr,0
plummler,0
plummper,0
poje,0
pokey,0
poley,0
polllock,0
pollock,0
pomponio,0
pond,0
ponhd,0
poolae,0
poole,0
poor,0
poore,0
pope,0
popple,0
popr,0
porter,0
portper,0
porusta,0
poti,0
potter,0
pottrr,0
potvin,0
poulin,0
poulpin,0
powch,0
pray,0
pronovost,0
prosser,0
proud,0
proulax,0
proulhx,0
proullx,0
proulpx,0
proulx,0
prouplx,0
prout,0
prouty,0
provlost,0
provost,0
provosy,0
prowse,0
prue,0
pryan,0
pryor,0
purdy,0
purmlort,0
purmort,0
purpyea,0
puryea,0
putnam,0
putney,0
pyne,0
pynn,0
quonn,0
rak,0
rat,0
rau,0
ray,0
rix,0
rloy,0
roay,0
robb,0
roby,0
rock,0
rocl,0
rodd,0
roh,0
rohr,0
rohy,0
rokes,0
rokpes,0
rolbb,0
rolck,0
rolfe,0
rolss,0
rolulx,0
roly,0
rom,0
romkey,0
roney,0
rony,0
rooak,0
rood,0
rook,0
roopth,0
root,0
rooth,0
ropby,0
ropwe,0
ropy,0
rose,0
rosen,0
rosls,0
rosps,0
ross,0
rossh,0
rossp,0
rosx,0
rot,0
rou,0
roulrau,0
roulx,0
roulxa,0
rounds,0
roundy,0
rowae,0
rowe,0
rowea,0
rowle,0
rowley,0
rowpe,0
roy,0
roya,0
royce,0
royer,0
royh,0
royl,0
roylx,0
royp,0
roysr,0
roz,0
rozek,0
rozoklat,0
rpay,0
rpoy,0
rpule,0
ruch,0
ruek,0
ruel,0
rule,0
rulep,0
rummel,0
rumsey,0
runge,0
rupel,0
rush,0
rusha,0
rushh,0
ruskowski,0
rustad,0
ryan,0
ryler,0
ryley,0
ryll,0
rypll,0
rysnik,0
ryspnik,0
saj,0
skoby,0
skuse,0
sloan,0
smet,0
smolski,0
smort,0
smoth,0
smqll,0
snoaw,0
snopw,0
snow,0
snowa,0
snowl,0
snowman,0
sokul,0
solomon,0
somes,0
sopel,0
sordl,0
sorel,0
sosnoski,0
soucy,0
soukup,0
soulcy,0
soule,0
soulep,0
splude,0
spooner,0
sprouat,0
sprout,0
ssj,0
stec,0
stlopuis,0
stlouis,0
stloyis,0
stock,0
stokes,0
stokles,0
stolnge,0
stompor,0
stonae,0
stone,0
stoneh,0
stoner,0
stonge,0
stonlge,0
stopne,0
story,0
stott,0
stowae,0
stowe,0
straw,0
strolme,0
strom,0
strome,0
stromei,0
strong,0
stroud,0
strout,0
stuck,0
stukus,0
sturam,0
sturm,0
styles,0
sulin,0
sulliv,0
sullkvan,0
sullloway,0
sulloway,0
sulluvan,0
sumnep,0
sumner,0
suprin,0
supry,0
suprya,0
supryl,0
supryp,0
suska,0
suszynski,0
suttohn,0
sutton,0
sylvstr,0
symes,0
symlonds,0
symonds,0
symons,0
syrja,0
todd,0
tomkonson,0
tomplson,0
tompson,0
toone,0
torr,0
torro,0
torroh,0
tosi,0
totah,0
toth,0
totten,0
tower,0
towlae,0
towle,0
towleh,0
towlep,0
townae,0
towne,0
townea,0
townes,0
towns,0
townsrnd,0
tozer,0
tozor,0
trlow,0
trolw,0
tropw,0
trow,0
truae,0
true,0
tuck,0
tulrmel,0
tupper,0
tuppper,0
turmel,0
turnem,0
turner,0
tutltle,0
tuttle,0
tuttlep,0
tuttoe,0
tyldr,0
tyler,0
tyller,0
tyrrrll,0
unwin,0
urlwin,0
usko,0
uskpo,0
uttin,0
utz,0
vam,0
volkman,0
vollpe,0
volpe,0
vose,0
voyer,0
way,0
wik,0
wolfe,0
wolrks,0
wong,0
wood,0
wooda,0
woodp,0
woods,0
woof,0
woohd,0
woold,0
wooley,0
woolner,0
wooster,0
wopd,0
wopod,0
works,0
worster,0
worsyer,0
wortah,0
worth,0
wortman,0
wrau,0
wray,0
wyck,0
wyman,0
yorak,0
york,0
yorka,0
youlng,0
younag,0
young,0
younga,0
youngh,0
youngp,0
younh,0
younhg,0
younj,0
younker,0
younlg,0
younpg,0
younv,0
youxg,0
ypya,0
ypypa,0
yuda,0
zolner,0
zooak,0
zook,0
zuk,0
zukl,0
zultoski,0
zurek,0
zymet,0
zymxt,0
zync,0
zypnc,0
zysk,0
zyskp,0
